iteration,instance_idx,stress
0,0,1867501.319402333
0,1,1287025.9991750764
0,2,683779.953689694
0,3,929959.0678993072
0,4,672564.9935414575
0,5,705796.2596499823
0,6,875050.5567028681
0,7,653030.4441162299
0,8,774673.2684963495
0,9,1080517.8225382704
1,0,879412.7951595548
1,1,1047614.9568590511
1,2,1261374.0972024605
1,3,825661.6788377232
1,4,1016699.473877891
1,5,565740.2792254486
1,6,943845.8659655409
1,7,643814.9961153851
1,8,1203338.2177723134
1,9,611502.3546450454
2,0,561901.3687968227
2,1,1151623.9078432017
2,2,905489.4345821512
2,3,1445958.0508510233
2,4,994568.5585684655
2,5,698622.5267053877
2,6,758988.1887636783
2,7,649231.4229622202
2,8,856947.754417013
2,9,588795.3155914014
3,0,1217587.507010218
3,1,1168734.2473698899
3,2,646088.3182372483
3,3,669615.9899508584
3,4,608910.150765695
3,5,563540.9185591935
3,6,739220.0096613956
3,7,1657151.9333751386
3,8,820382.0283364519
3,9,945880.4449725735
4,0,625817.1017798162
4,1,694788.8082180105
4,2,606079.7188991102
4,3,1455970.9480148284
4,4,878708.0516838294
4,5,658597.3072828293
4,6,597892.7016212968
4,7,1603205.757380502
4,8,988726.8422701636
4,9,1453032.7579352825
5,0,837588.9628002078
5,1,2134206.1174328886
5,2,1169399.6663096456
5,3,761133.7236893065
5,4,990259.2393305235
5,5,668966.405356976
5,6,659944.4930275811
5,7,779185.4497243951
5,8,582927.8512302312
5,9,629228.2262422026
6,0,972538.818789942
6,1,726001.4835941213
6,2,806261.8426036367
6,3,621514.7159320584
6,4,951848.8076926827
6,5,554955.3924018338
6,6,850593.3265545199
6,7,685568.0519109102
6,8,811475.3420473635
6,9,942702.6655924632
7,0,839124.7324921329
7,1,637284.2970470171
7,2,974133.9734491998
7,3,983245.5428970476
7,4,614786.8848967942
7,5,939613.0528745456
7,6,922805.047339867
7,7,556029.28277023
7,8,625765.9936634423
7,9,854190.0243531055
8,0,531858.3259805433
8,1,545089.186810337
8,2,1152627.6393624037
8,3,556896.1398784629
8,4,1435032.9209064397
8,5,967074.9035846766
8,6,1001705.8996314052
8,7,703562.9328551537
8,8,592665.3831574238
8,9,914389.3637037969
9,0,1279406.9375602002
9,1,841574.4522705654
9,2,848447.4413711742
9,3,854371.0801301908
9,4,1516127.6046320044
9,5,757917.7535461298
9,6,783084.6918567604
9,7,643058.1135649136
9,8,731082.1847377148
9,9,1003603.5874435643
10,0,1115829.3946507236
10,1,708358.0909766587
10,2,597155.0032713878
10,3,659058.6033767416
10,4,621899.5877019033
10,5,868927.8506374263
10,6,833082.5654805969
10,7,559508.0362573387
10,8,638691.516014435
10,9,715660.9667507994
11,0,594736.410063502
11,1,1083811.4992919792
11,2,1238354.9878416203
11,3,1142093.1192866229
11,4,1002083.0894725682
11,5,1283241.3531437377
11,6,1348466.785882932
11,7,862332.6509780018
11,8,880254.3942049128
11,9,610172.9966200555
12,0,751976.7550526641
12,1,685249.7257000013
12,2,894478.4861819054
12,3,661991.5129548667
12,4,645208.0589577047
12,5,673072.0871844252
12,6,1125680.3448547923
12,7,1157969.9676473348
12,8,656387.4795363353
12,9,709501.357505506
13,0,610397.9010547216
13,1,835812.9788939343
13,2,847817.190562411
13,3,528631.2666724748
13,4,646631.9551869518
13,5,1416329.2521614698
13,6,1010125.7196775216
13,7,545988.4918976064
13,8,688607.4374974484
13,9,799782.4261159253
14,0,568457.3806181907
14,1,695064.6596133197
14,2,1227860.4076698394
14,3,604438.9715634142
14,4,628661.7641449341
14,5,838180.3734319257
14,6,1068544.0160018213
14,7,844964.9802106977
14,8,1215316.4724526624
14,9,1192185.9712126018
15,0,809969.156736923
15,1,700409.2931314466
15,2,721353.8979482829
15,3,572685.6981005616
15,4,1230806.629808093
15,5,726593.7344630504
15,6,935599.4584898493
15,7,672194.1523573187
15,8,1082796.6834505275
15,9,752322.7370009031
16,0,1561338.7616114393
16,1,819631.0180409022
16,2,583405.9890105476
16,3,629764.0547964481
16,4,1281819.5005351184
16,5,878681.1220249964
16,6,603714.6207585661
16,7,590400.02613731
16,8,913158.4014638715
16,9,1096184.450385372
17,0,1010066.1163469
17,1,658387.398172368
17,2,1202698.1325563379
17,3,1105259.7046229376
17,4,840830.850765106
17,5,557887.9253972658
17,6,641740.8011891457
17,7,684514.4421060336
17,8,605835.8527808829
17,9,582349.0384032131
18,0,601697.7979793343
18,1,1096319.538629985
18,2,947558.2474003693
18,3,694317.6995562429
18,4,689005.2089447542
18,5,1248769.3911957028
18,6,593511.837757242
18,7,553564.7049600872
18,8,573670.2966937609
18,9,747846.3152205442
19,0,956757.4042988869
19,1,777284.8598994514
19,2,933554.9732691867
19,3,668133.0958933368
19,4,942895.6628942995
19,5,1470375.1195710823
19,6,1011555.3043790859
19,7,578438.0351947651
19,8,1093317.0088675423
19,9,1133392.8195014058
20,0,961341.2517698306
20,1,1033787.7417887287
20,2,897798.3577850623
20,3,715122.2344490082
20,4,1621622.025972388
20,5,651904.8492222503
20,6,697407.0583088883
20,7,659128.9021201576
20,8,824967.7204462583
20,9,568873.3797294826
21,0,1240014.193530012
21,1,712319.1197819484
21,2,1420080.0837220068
21,3,702532.4593074152
21,4,1715021.0062959273
21,5,598484.7448139618
21,6,922187.743027897
21,7,556359.3181579201
21,8,600738.2593083831
21,9,1252383.6537525803
22,0,566770.055415419
22,1,1080308.2884487873
22,2,1274284.8631376198
22,3,571264.2545659075
22,4,1147286.1119362495
22,5,723100.8614974624
22,6,559605.4706485857
22,7,761914.1410573757
22,8,1172830.5156160775
22,9,1350887.0060405706
23,0,549188.2106051801
23,1,914524.6778801298
23,2,1498891.4450630292
23,3,732148.0132251544
23,4,1300868.3309703283
23,5,1046661.7103712832
23,6,1146310.4949813245
23,7,658354.0454968468
23,8,598599.1918936304
23,9,953933.9282121327
24,0,1267976.6296576657
24,1,560487.7961017594
24,2,630534.5137263348
24,3,855955.4349202644
24,4,870906.1221613869
24,5,621806.8966105627
24,6,1188427.2310751586
24,7,824700.2571181803
24,8,1629786.1090180313
24,9,738313.1824176852
25,0,688116.9461034301
25,1,724099.43915768
25,2,1391524.3097237817
25,3,1082234.684214993
25,4,639352.0519250487
25,5,1266407.3925674665
25,6,814805.6602747322
25,7,1215893.64107186
25,8,1174516.7149487343
25,9,650088.5035385329
26,0,552833.8494803132
26,1,642210.4466682393
26,2,793768.6290166099
26,3,640784.4525893539
26,4,535550.7818238703
26,5,696055.0250723681
26,6,1142161.951536095
26,7,736316.5233487388
26,8,573882.970454558
26,9,634369.0100552045
27,0,686394.123213936
27,1,946808.632017389
27,2,1352656.2796144441
27,3,601870.076982518
27,4,594874.9297258343
27,5,749021.555972257
27,6,706884.0689791545
27,7,829609.0350465633
27,8,551851.4217330904
27,9,676240.2750733966
28,0,1158702.1490187503
28,1,606749.0843778885
28,2,690438.4668666439
28,3,648768.1542222676
28,4,1291258.2588826977
28,5,1012953.996528238
28,6,643344.7655918685
28,7,683763.7712979869
28,8,672577.3569559966
28,9,633681.4398088465
29,0,610018.7416981678
29,1,796969.6031378205
29,2,833061.861832119
29,3,644954.4467117462
29,4,740232.5211167089
29,5,1824954.5622177701
29,6,1343458.2828965452
29,7,1793730.6922464578
29,8,806801.4985898174
29,9,1083785.4523625085
30,0,866435.3146993957
30,1,636950.5971506707
30,2,953232.0932527507
30,3,632680.702269049
30,4,784501.5700575102
30,5,1021832.1374370313
30,6,652520.8275270561
30,7,663806.7179582854
30,8,729498.346465102
30,9,752470.1870574299
31,0,724348.1141290212
31,1,594034.411853011
31,2,647331.0428084092
31,3,588630.5989753485
31,4,627022.5018758717
31,5,656826.4686465529
31,6,745440.9882571242
31,7,1002298.8250059056
31,8,787227.8389603626
31,9,1348577.6257006777
32,0,560040.4198701675
32,1,698154.7680333415
32,2,676266.9730042281
32,3,775173.2668732073
32,4,955035.5727382371
32,5,1739713.7840875648
32,6,617453.3843785771
32,7,891122.4599063818
32,8,1158012.002864158
32,9,1094551.4487183897
33,0,657506.9292351933
33,1,930183.5519935925
33,2,569991.4876981218
33,3,565861.3156192949
33,4,614832.0890410497
33,5,697327.1689495353
33,6,640224.8548785639
33,7,665318.218933664
33,8,1042214.9884247497
33,9,807334.7387569525
34,0,580639.7421939315
34,1,742579.7147600615
34,2,835567.8219051647
34,3,603446.6544139256
34,4,817976.0385580234
34,5,674727.6667848654
34,6,624413.9957240381
34,7,1224444.13684686
34,8,862103.2218012153
34,9,665423.6836226756
35,0,686372.1689710848
35,1,744491.0916532241
35,2,716787.850055238
35,3,649492.2914394075
35,4,814294.3472277215
35,5,681097.2565603981
35,6,657271.2724272622
35,7,663919.3090421853
35,8,666113.6326625178
35,9,853706.3558990087
36,0,636216.1047907149
36,1,673445.389374402
36,2,707327.1936789051
36,3,871668.4397962923
36,4,766130.6605951923
36,5,1155478.7972374836
36,6,1053138.557853809
36,7,839944.7596539863
36,8,1351059.6739211585
36,9,606773.0233524309
37,0,1424051.7890612902
37,1,1077558.9340164452
37,2,600486.9099940656
37,3,514506.30272541236
37,4,821679.7896591784
37,5,642772.3882834004
37,6,1274632.7694359194
37,7,773578.7976949678
37,8,691325.1390873924
37,9,1756657.3324565056
38,0,1753389.7793233588
38,1,528379.7506011821
38,2,616990.4846711925
38,3,861103.7494889111
38,4,564952.1789466335
38,5,633822.2491899179
38,6,775796.4184333459
38,7,672104.3595035443
38,8,1081497.0125773896
38,9,831453.4662698195
39,0,932776.9508975882
39,1,1063605.975565581
39,2,621947.0618727327
39,3,834532.7451055681
39,4,766192.588328471
39,5,894482.242689572
39,6,1071846.5537755617
39,7,1098125.108602882
39,8,1539084.2517474338
39,9,980030.5858957098
40,0,639646.4835235312
40,1,1853247.6060385797
40,2,1082438.8884266608
40,3,886565.2075416987
40,4,1274902.367775486
40,5,781112.9143479206
40,6,564260.4399279659
40,7,1672105.1875153247
40,8,746932.3661818143
40,9,1107507.714989782
41,0,736974.6009482414
41,1,1435422.2644819953
41,2,936700.8506641611
41,3,648239.848492988
41,4,570283.9434659993
41,5,732066.4724516555
41,6,727856.3919688766
41,7,1188684.0667831474
41,8,533790.9284008361
41,9,752850.5229480616
42,0,777930.424227738
42,1,777106.4333341856
42,2,643230.8020383673
42,3,673707.1310950592
42,4,994029.3465188172
42,5,684606.1972749095
42,6,942957.2253368981
42,7,1257092.6339874899
42,8,1035171.6796835059
42,9,731001.5421889038
43,0,1184979.9529777106
43,1,554881.773652386
43,2,633449.0416755916
43,3,659490.7991065993
43,4,673062.2034835584
43,5,671838.9184635853
43,6,991674.6040938039
43,7,1332678.0791875382
43,8,907937.0669105931
43,9,920725.72955993
44,0,1780796.5040242579
44,1,859128.1100723315
44,2,551205.2157899812
44,3,994453.6348613675
44,4,747172.7775528713
44,5,2025880.347420827
44,6,737740.3053389792
44,7,1076836.2477346445
44,8,660105.9116812755
44,9,924689.6776720388
45,0,1112786.9838332802
45,1,605323.702781792
45,2,1059709.2702247684
45,3,643638.6835503379
45,4,1511381.498078739
45,5,975639.9005850783
45,6,1114391.5602190702
45,7,614058.9017368599
45,8,940113.123305411
45,9,1342031.785215459
46,0,678772.7502727885
46,1,644151.3161576384
46,2,1251253.6708037234
46,3,748820.997555402
46,4,832213.7179960775
46,5,717943.2367012076
46,6,630276.9822113011
46,7,777059.5683459399
46,8,2039532.130240848
46,9,645975.4419307897
47,0,747744.6567758445
47,1,581175.2666669185
47,2,1607172.901722781
47,3,636585.6841429744
47,4,605298.4858697393
47,5,1238518.1571358943
47,6,635873.3196319524
47,7,1169601.2773676075
47,8,759994.4693615373
47,9,930853.1801246302
48,0,565374.9864626534
48,1,548875.9409454231
48,2,1574970.6407060593
48,3,623851.120801132
48,4,616480.5724199455
48,5,551367.6905403392
48,6,1106728.0567641284
48,7,770979.7855772309
48,8,634979.3798437469
48,9,770961.8998222431
49,0,736852.1881909367
49,1,789821.8365545891
49,2,1308162.429011757
49,3,565296.9374232229
49,4,632151.08256753
49,5,699626.2668452208
49,6,588222.817933489
49,7,976742.2694783941
49,8,1874654.2427413396
49,9,1394299.113690539
